{"cameraMode":{"drawMode":0,"name":"Shaded","section":"Shading Mode"},"sceneLighting":false,"audioPlay":false,"sceneViewState":{"showFog":true,"showMaterialUpdate":false,"showSkybox":false,"showFlares":true,"showImageEffects":true,"showParticleSystems":true,"showVisualEffectGraphs":true,"m_FxEnabled":true},"in2DMode":false,"pivot":{"x":0.07999998331069946,"y":0.5000001192092896,"z":-0.18000000715255738},"rotation":{"x":0.04435054957866669,"y":-0.03863803669810295,"z":0.0017177622066810728,"w":0.9982711672782898},"size":1.2247449159622193,"orthographic":false}