{"cameraMode":{"drawMode":0,"name":"Shaded","section":"Shading Mode"},"sceneLighting":false,"audioPlay":false,"sceneViewState":{"showFog":true,"showMaterialUpdate":false,"showSkybox":false,"showFlares":true,"showImageEffects":true,"showParticleSystems":true,"showVisualEffectGraphs":true,"m_FxEnabled":true},"in2DMode":false,"pivot":{"x":-2.059999704360962,"y":0.7986066341400147,"z":-0.004794716835021973},"rotation":{"x":0.39813724160194399,"y":0.00744145130738616,"z":-0.0032276208512485029,"w":0.9172868132591248},"size":1.1615875959396363,"orthographic":false}