{"cameraMode":{"drawMode":0,"name":"Shaded","section":"Shading Mode"},"sceneLighting":false,"audioPlay":false,"sceneViewState":{"showFog":true,"showMaterialUpdate":false,"showSkybox":false,"showFlares":true,"showImageEffects":true,"showParticleSystems":true,"showVisualEffectGraphs":true,"m_FxEnabled":true},"in2DMode":false,"pivot":{"x":-12.788192749023438,"y":3.5311574935913088,"z":-7.057096004486084},"rotation":{"x":0.23566241562366486,"y":-0.003760550869628787,"z":0.0009134887368418276,"w":0.9718495011329651},"size":14.457893371582032,"orthographic":false}