{"cameraMode":{"drawMode":0,"name":"Shaded","section":"Shading Mode"},"sceneLighting":false,"audioPlay":false,"sceneViewState":{"showFog":true,"showMaterialUpdate":false,"showSkybox":false,"showFlares":true,"showImageEffects":true,"showParticleSystems":true,"showVisualEffectGraphs":true,"m_FxEnabled":true},"in2DMode":false,"pivot":{"x":-2.9800000190734865,"y":0.5000001192092896,"z":14.319999694824219},"rotation":{"x":0.026958292350172998,"y":-0.05335354059934616,"z":0.0014408911811187864,"w":0.9982103109359741},"size":1.7320507764816285,"orthographic":true}